{
  "dataset": {
    "total_records": 1497,
    "train_size": 1047,
    "val_size": 224,
    "test_size": 226,
    "class_distribution": {
      "train": {
        "0": 698,
        "1": 349
      },
      "val": {
        "0": 149,
        "1": 75
      },
      "test": {
        "0": 151,
        "1": 75
      }
    }
  },
  "baseline": "keyword_rule",
  "decision_threshold": 0.5,
  "test": {
    "loss": NaN,
    "accuracy": 0.6460176991150443,
    "precision": 0.3076923076923077,
    "recall": 0.05333333333333334,
    "f1": 0.09090909090909091,
    "auc": 0.4968653421633554,
    "confusion_matrix": [
      [
        142,
        9
      ],
      [
        71,
        4
      ]
    ],
    "threshold": 0.5
  }
}