{
  "keyword_rule": {
    "loss": NaN,
    "accuracy": 0.6460176991150443,
    "precision": 0.3076923076923077,
    "recall": 0.05333333333333334,
    "f1": 0.09090909090909091,
    "auc": 0.4968653421633554,
    "confusion_matrix": [
      [
        142,
        9
      ],
      [
        71,
        4
      ]
    ],
    "threshold": 0.5
  },
  "keyword_freq_ratio": {
    "loss": NaN,
    "accuracy": 0.668141592920354,
    "precision": 0.0,
    "recall": 0.0,
    "f1": 0.0,
    "auc": 0.4962472406181015,
    "confusion_matrix": [
      [
        151,
        0
      ],
      [
        75,
        0
      ]
    ],
    "threshold": 0.5
  },
  "tfidf_svm": {
    "loss": NaN,
    "accuracy": 0.3584070796460177,
    "precision": 0.3409090909090909,
    "recall": 1.0,
    "f1": 0.5084745762711864,
    "auc": 0.49289183222958055,
    "confusion_matrix": [
      [
        6,
        145
      ],
      [
        0,
        75
      ]
    ],
    "threshold": 0.35
  },
  "tfidf_logreg": {
    "loss": NaN,
    "accuracy": 0.3407079646017699,
    "precision": 0.33482142857142855,
    "recall": 1.0,
    "f1": 0.5016722408026756,
    "auc": 0.5136423841059603,
    "confusion_matrix": [
      [
        2,
        149
      ],
      [
        0,
        75
      ]
    ],
    "threshold": 0.35
  }
}