{
  "keyword_rule": {
    "loss": NaN,
    "accuracy": 0.7890016521123436,
    "precision": 0.20579710144927535,
    "recall": 0.10274963820549927,
    "f1": 0.13706563706563707,
    "auc": 0.5127397373204597,
    "confusion_matrix": [
      [
        3272,
        274
      ],
      [
        620,
        71
      ]
    ],
    "threshold": 0.5
  },
  "keyword_freq_ratio": {
    "loss": NaN,
    "accuracy": 0.8369129100778853,
    "precision": 0.0,
    "recall": 0.0,
    "f1": 0.0,
    "auc": 0.5104853066131871,
    "confusion_matrix": [
      [
        3546,
        0
      ],
      [
        691,
        0
      ]
    ],
    "threshold": 0.5
  },
  "tfidf_svm": {
    "loss": NaN,
    "accuracy": 0.8253481236724097,
    "precision": 0.47532729103726085,
    "recall": 0.683068017366136,
    "f1": 0.5605700712589073,
    "auc": 0.8755390187104689,
    "confusion_matrix": [
      [
        3025,
        521
      ],
      [
        219,
        472
      ]
    ],
    "threshold": 0.39999999999999997
  },
  "tfidf_logreg": {
    "loss": NaN,
    "accuracy": 0.7698843521359452,
    "precision": 0.3957415565345081,
    "recall": 0.7800289435600579,
    "f1": 0.5250852411105699,
    "auc": 0.8503027809814854,
    "confusion_matrix": [
      [
        2723,
        823
      ],
      [
        152,
        539
      ]
    ],
    "threshold": 0.5499999999999999
  }
}