{
  "train_history": [
    {
      "recall@top": 0.2192724600404189,
      "precision@top": 1.0,
      "avg_lead_time": 0.0,
      "coverage@top": 0.19994971926590127,
      "horizon": 3.0,
      "reg_mae": 0.001186549779959023,
      "reg_rmse": 0.01530387718230486,
      "loss": 0.00046681191796272843,
      "epoch": 1
    }
  ],
  "val_history": [
    {
      "recall@top": 0.21181672025723472,
      "precision@top": 1.0,
      "avg_lead_time": 0.0,
      "coverage@top": 0.19969627942293092,
      "horizon": 3.0,
      "reg_mae": 0.00014262580953072757,
      "reg_rmse": 0.00014776446914765984,
      "loss": 7.521530861367476e-08,
      "epoch": 1
    }
  ],
  "test_metrics": {
    "recall@top": 0.20014716703458427,
    "precision@top": 1.0,
    "avg_lead_time": 0.0,
    "coverage@top": 0.1997792494481236,
    "horizon": 3.0,
    "reg_mae": 0.00023975847580004483,
    "reg_rmse": 0.00024012320500332862,
    "loss": 5.726442715387107e-08
  }
}