{
  "dataset": {
    "total_records": 28241,
    "train_size": 19768,
    "val_size": 4236,
    "test_size": 4237,
    "class_distribution": {
      "train": {
        "0": 16543,
        "1": 3225
      },
      "val": {
        "0": 3545,
        "1": 691
      },
      "test": {
        "0": 3546,
        "1": 691
      }
    }
  },
  "baseline": "tfidf_logreg",
  "decision_threshold": 0.5499999999999999,
  "test": {
    "loss": NaN,
    "accuracy": 0.7698843521359452,
    "precision": 0.3957415565345081,
    "recall": 0.7800289435600579,
    "f1": 0.5250852411105699,
    "auc": 0.8503027809814854,
    "confusion_matrix": [
      [
        2723,
        823
      ],
      [
        152,
        539
      ]
    ],
    "threshold": 0.5499999999999999
  }
}