{
  "dataset": {
    "total_records": 28241,
    "train_size": 19768,
    "val_size": 4236,
    "test_size": 4237,
    "class_distribution": {
      "train": {
        "0": 16543,
        "1": 3225
      },
      "val": {
        "0": 3545,
        "1": 691
      },
      "test": {
        "0": 3546,
        "1": 691
      }
    }
  },
  "baseline": "keyword_rule",
  "decision_threshold": 0.5,
  "test": {
    "loss": NaN,
    "accuracy": 0.7890016521123436,
    "precision": 0.20579710144927535,
    "recall": 0.10274963820549927,
    "f1": 0.13706563706563707,
    "auc": 0.5127397373204597,
    "confusion_matrix": [
      [
        3272,
        274
      ],
      [
        620,
        71
      ]
    ],
    "threshold": 0.5
  }
}